dish_ID,Grade
dish_1561662216,A+
dish_1561662054,A+
dish_1562008979,A
dish_1560455030,C
dish_1558372433,B
dish_1565640549,A
dish_1563207364,A
dish_1561575474,B+
dish_1563216717,B
dish_1565972591,A
dish_1568649312,C
dish_1562183096,A+
dish_1563476551,A+
dish_1559844951,A
dish_1562963704,A+
dish_1566417398,D
dish_1561739238,B+
dish_1562611680,A+
dish_1564432238,A+
dish_1563468327,B+
dish_1562862493,A
dish_1558549008,C
dish_1560453174,A
dish_1562691032,A
dish_1563824250,C
dish_1560543755,A+
dish_1558549773,A
dish_1563822597,A+
dish_1566920365,A
dish_1563984242,A
dish_1558459276,C
dish_1560974707,A
dish_1564686855,A+
dish_1565119669,C
dish_1566417516,A+
dish_1558724031,A+
dish_1558637393,A
dish_1563393217,C
dish_1562789268,A+
dish_1563998323,A+
dish_1559700851,B
dish_1561492204,A
dish_1567613057,A
dish_1563996485,C
dish_1564761488,A
dish_1559239151,A
dish_1559678330,B
dish_1563998210,B
dish_1565033110,B
dish_1564428444,C
dish_1558459115,B+
dish_1558723777,B+
dish_1558721757,A
dish_1564777960,A+
dish_1558376306,A
dish_1558114086,B
dish_1558720236,A
dish_1563468269,C
dish_1558380557,A+
dish_1562873028,A+
dish_1558637769,B+
dish_1558724959,A
dish_1558115867,A
dish_1561580370,A
dish_1562618000,A+
dish_1561061658,A
dish_1559838402,B+
dish_1564686832,A+
dish_1561753238,B
dish_1566938026,A+
dish_1562617703,B+
dish_1559751801,A+
dish_1564000490,A
dish_1564000459,A
dish_1558457530,B
dish_1558723449,B+
dish_1567628157,A+
dish_1566502505,A+
dish_1565728415,A+
dish_1565383026,C
dish_1558642089,C
dish_1566849923,C
dish_1562959732,A+
dish_1560368972,A+
dish_1566502537,A+
dish_1561576590,B+
dish_1558723866,B
dish_1564778030,A+
dish_1561392512,C
dish_1564675118,C
dish_1566838407,B+
dish_1559319860,A
dish_1559242568,C
dish_1563824339,B+
dish_1567021831,A
dish_1559846099,A
dish_1562873155,B+
dish_1562094621,C
dish_1563900150,A+
dish_1562086702,A
dish_1564429894,B
dish_1561662458,B+
dish_1558720364,B+
dish_1559845290,C
dish_1559844506,C
dish_1560360055,A
dish_1567106825,A
dish_1562099053,A
dish_1560453380,A
dish_1566849327,A
dish_1560527191,A+
dish_1563898786,A
dish_1560973958,B+
dish_1558546663,B
dish_1563206582,A
dish_1565207815,B
dish_1568305257,A
dish_1568314823,F
dish_1565119464,A+
dish_1565725047,F
dish_1559841163,A+
dish_1563568338,A+
dish_1563468299,C
dish_1558027001,C
dish_1565033265,A
dish_1563475921,A
dish_1561665024,C
dish_1563813308,A
dish_1561062555,C
dish_1558723414,B+
dish_1562691674,A
dish_1566591080,B
dish_1564082462,B
dish_1562602860,A
dish_1561739954,A+
dish_1558638983,B+
dish_1558631825,B+
dish_1564689108,B
dish_1563216440,A
dish_1559240908,C
dish_1563395480,A
dish_1559235815,A+
dish_1565640272,B+
dish_1565898158,B
dish_1565022062,A
dish_1558719994,A
dish_1562960520,A+
dish_1560441270,C
dish_1561663855,A
dish_1563389199,B+
dish_1566488928,B+
dish_1558031302,C
dish_1558723926,C
dish_1563392128,A
dish_1563910171,A
dish_1560368464,A+
dish_1560368990,A+
dish_1562958563,A
dish_1561579617,B+
dish_1566333167,A+
dish_1565033139,C
dish_1563551194,A
dish_1563464480,B+
dish_1567020054,A+
dish_1568649387,C
dish_1565370004,A
dish_1566499633,B
dish_1559849412,A
dish_1558719336,B
dish_1562602657,A+
dish_1558116201,A
dish_1559668314,A+
dish_1557861697,C
dish_1558721484,C
dish_1565379251,B+
dish_1563306392,B
dish_1559843335,C
dish_1558549214,C
dish_1562775488,A
dish_1562787956,A+
dish_1562775212,B+
dish_1560801773,B
dish_1559238435,C
dish_1562008813,B
dish_1568061202,B+
dish_1560445069,C
dish_1566502573,A+
dish_1563900172,A+
dish_1562785132,A
dish_1565383097,A
dish_1559233102,A
dish_1560357427,C
dish_1568401261,A+
dish_1558031628,C
dish_1558029148,C
dish_1558461431,A
dish_1562790824,A
dish_1558718610,B+
dish_1562959129,A+
dish_1560975517,A+
dish_1558641075,C
dish_1560455158,B
dish_1565972715,A
dish_1558639787,B
dish_1560203424,B+
dish_1558724912,C
dish_1563913675,A
dish_1567542876,A+
dish_1561753075,A+
dish_1559244305,B
dish_1561577573,A
dish_1563550614,A
dish_1565204891,A
dish_1558115011,A
dish_1562776497,A
dish_1559675234,C
dish_1565638323,A+
dish_1561405836,A
dish_1565898659,B
dish_1562169818,A+
dish_1559934679,B
dish_1562698276,A+
dish_1558718051,B
dish_1560368764,A+
dish_1563563317,A
dish_1565895966,A+
dish_1566933226,A
dish_1558458737,C
dish_1561392593,A+
dish_1566416421,A
dish_1562009120,A+
dish_1560444869,C
dish_1562872365,A
dish_1564773903,A+
dish_1563910137,C
dish_1561661347,B
dish_1558721726,B+
dish_1566931586,B
dish_1563908923,A+
dish_1563552016,B+
dish_1562784307,B+
dish_1564761388,B
dish_1561576295,C
dish_1562876618,A
dish_1558722247,B
dish_1565640427,C
dish_1559841808,C
dish_1560788349,B
dish_1566847431,B+
dish_1565726812,A
dish_1561061687,A+
dish_1563996279,C
dish_1558115448,C
dish_1559843030,C
dish_1564073860,A
dish_1561739973,A+
dish_1565811091,B
dish_1559240441,C
dish_1565984434,A
dish_1563811686,A+
dish_1561060925,A+
dish_1561663817,C
dish_1566922978,A
dish_1557861216,B
dish_1566316587,A+
dish_1560367715,A+
dish_1561575613,A
dish_1558639266,B+
dish_1558723537,B
dish_1566317742,B+
dish_1565195493,A+
dish_1559235690,A
dish_1560529844,C
dish_1563220987,A
dish_1563913709,B+
dish_1563305883,A
dish_1558639335,B+
dish_1560454488,D
dish_1559933793,B
dish_1564159636,A
dish_1563984140,B
dish_1558724574,B
dish_1558718009,C
dish_1562873544,A+
dish_1562945823,B+
dish_1558725403,A
dish_1564516366,F
dish_1561752996,A
dish_1558381032,A
dish_1562774099,C
dish_1558549150,C
dish_1562958629,A+
dish_1558725253,B
dish_1565036821,A+
dish_1558628921,C
dish_1558032156,A
dish_1560444892,C
dish_1561062320,A+
dish_1560798960,A
dish_1561662814,F
dish_1560366438,A
dish_1565987201,B
dish_1563393148,B
dish_1562699570,C
dish_1566931140,C
dish_1560360112,A+
dish_1566501473,B
dish_1560368738,B
dish_1558549413,A
dish_1558544870,A+
dish_1562170163,C
dish_1562611522,A
dish_1561574368,A+
dish_1562614158,A
dish_1562785369,A+
dish_1563479568,C
dish_1562871731,A
dish_1562007789,B+
dish_1567537352,B
dish_1563824279,F
dish_1567007751,C
dish_1568400935,B
dish_1558635994,C
dish_1562611853,A
dish_1566592456,A+
dish_1562874250,A
dish_1559844683,C
dish_1563305354,A
dish_1561739805,B+
dish_1558641954,C
dish_1564588688,A
dish_1563205953,B
dish_1567526738,B
dish_1568048018,A
dish_1558373159,A+
dish_1561739930,C
dish_1565898489,F
dish_1560369146,A
dish_1562783691,A
dish_1565023128,C
dish_1559158354,B
dish_1562183151,A+
dish_1562094730,A
dish_1562007842,A
dish_1567525637,F
dish_1561580431,A
dish_1560442226,C
dish_1557862738,A
dish_1564168695,A
dish_1560360102,A+
dish_1558381742,F
dish_1564690167,A+
dish_1559844479,C
dish_1560444948,C
dish_1561060787,B
dish_1566331801,B
dish_1558463429,C
dish_1560367952,A+
dish_1563475953,A
dish_1562698209,A
dish_1561576026,A+
dish_1564073677,A
dish_1562788010,B+
dish_1565109606,C
dish_1561575661,A
dish_1568401302,A+
dish_1562702853,A
dish_1560888930,A
dish_1568056046,C
dish_1565032748,A+
dish_1558639089,C
dish_1565627751,C
dish_1563221495,A
dish_1562861174,A
dish_1567628099,B+
dish_1565984345,A+
dish_1559842326,A
dish_1558630288,A+
dish_1565021104,A+
dish_1563389042,B+
dish_1567785165,A+
dish_1556575558,C
dish_1565023157,A
dish_1562872223,B
dish_1558026756,A+
dish_1562615153,A
dish_1563307575,A
dish_1558637865,B+
dish_1561752535,A+
dish_1562173247,A+
dish_1563997327,B
dish_1566934120,A+
dish_1563910639,B
dish_1565119418,A
dish_1559244649,A
dish_1563897338,C
dish_1562603626,B+
dish_1561578623,A+
dish_1565021640,A
dish_1560442258,A+
dish_1563998513,A+
dish_1564171935,A+
dish_1566835603,C
dish_1565724087,B
dish_1562602918,A
dish_1559589873,A
dish_1564168739,A+
dish_1564432094,A
dish_1558544663,B+
dish_1562950057,A
dish_1564169958,A+
dish_1562007904,A
dish_1562086067,C
dish_1560887408,B+
dish_1561663068,A
dish_1565808975,C
dish_1562170356,B+
dish_1563391989,A
dish_1566934152,A
dish_1568056019,C
dish_1558378553,A
dish_1560543682,C
dish_1562963517,A
dish_1566851222,A+
dish_1566333194,A+
dish_1562702813,B
dish_1558550127,A
dish_1559239753,B+
dish_1561492161,D
dish_1558628515,C
dish_1561752563,A+
dish_1562691064,A
dish_1559233715,C
dish_1562777000,A
dish_1566328724,B
dish_1563220109,A
dish_1562096542,C
dish_1562860073,A+
dish_1562963612,A
dish_1562961588,B+
dish_1558725786,B+
dish_1565640601,B
dish_1565107171,A
dish_1563913627,B+
dish_1561753275,A
dish_1558640418,C
dish_1561576978,B
dish_1563479655,A+
dish_1564170071,C
dish_1559844113,B+
dish_1561667430,A+
dish_1560799647,A+
dish_1568313575,A
dish_1559842047,C
dish_1562790321,A+
dish_1559845767,C
dish_1565032680,F
dish_1561134128,C
dish_1560889032,B
dish_1566501352,B+
dish_1558550218,B+
dish_1560975572,B
dish_1562959190,A+
dish_1566328776,A
dish_1563303350,B
dish_1563222830,A
dish_1560802764,B
dish_1561666849,B+
dish_1563305913,A
dish_1562963006,A
dish_1563219035,A+
dish_1560541760,B
dish_1562603598,B+
dish_1561753623,A
dish_1566316681,C
dish_1562702132,A+
dish_1567106693,B
dish_1564687090,A+
dish_1565725244,B
dish_1563302447,A+
dish_1564686657,A
dish_1561747075,A+
dish_1566419635,A
dish_1558639630,B+
dish_1558722068,A
dish_1565196260,B
dish_1561749857,A
dish_1564761457,A
dish_1561405034,A+
dish_1562872150,A
dish_1560454539,B+
dish_1561578373,A
dish_1565894910,B+
dish_1562873224,A+
dish_1561654326,C
dish_1562963033,A+
dish_1562613403,A+
dish_1563391681,A
dish_1559934645,A+
dish_1563391708,A+
dish_1562615324,A+
dish_1565974375,A
dish_1563304261,A+
dish_1560368506,A+
dish_1563823894,A+
dish_1558629644,B
dish_1559675178,C
dish_1562611620,A+
dish_1563205927,A
dish_1562775510,A
dish_1562872914,A
dish_1566331914,A+
dish_1562096401,B
dish_1561578344,A
dish_1563566810,B+
dish_1562085672,C
dish_1565724196,A
dish_1561148042,A+
dish_1566328831,A
dish_1562873495,A
dish_1562614895,B
dish_1558461692,A
dish_1565035715,C
dish_1566590056,A+
dish_1568313487,B
dish_1563217736,B
dish_1566590007,A
dish_1558723847,A
dish_1558635400,B
dish_1566844850,A+
dish_1560367733,A+
dish_1568666032,A+
dish_1565021054,A
dish_1560357267,A
dish_1557937335,C
dish_1561575327,A+
dish_1564686702,B+
dish_1563827132,A
dish_1567024252,A
dish_1563309353,B
dish_1561752481,A+
dish_1565725009,F
dish_1558459994,C
dish_1564428144,C
dish_1561654707,A
dish_1562096512,D
dish_1564518488,A+
dish_1565118029,B
dish_1558635618,C
dish_1566934430,A+
dish_1565117934,B
dish_1558114569,C
dish_1559678146,A+
dish_1560441487,C
dish_1560874726,B+
dish_1563221519,A
dish_1562605315,A
dish_1565034635,D
dish_1561752680,A
dish_1568665012,B
dish_1568313676,B
dish_1558460061,C
dish_1558468401,F
dish_1566328805,A
dish_1568320427,A+
dish_1563910676,B
dish_1563550584,B
dish_1560798785,A
dish_1565379377,A+
dish_1565725188,B
dish_1563910530,B
dish_1565725123,B
dish_1566413445,A
dish_1558637698,B
dish_1563555605,A+
dish_1559244598,C
dish_1561576954,B
dish_1567020417,A
dish_1561666794,A
dish_1561665452,B
dish_1566488981,A
dish_1566317711,B+
dish_1562010048,A
dish_1560368944,A
dish_1562789328,A+
dish_1563393366,A+
dish_1564160161,C
dish_1565207896,A+
dish_1560976044,C
dish_1560788338,B
dish_1564518586,A+
dish_1565974409,A
dish_1561575688,A+
dish_1568060697,C
dish_1558115364,A+
dish_1565810146,B
dish_1557853154,C
dish_1563811662,A+
dish_1563478751,A+
dish_1565727851,A
dish_1558720396,B+
dish_1563468199,C
dish_1564773876,A+
dish_1560444724,C
dish_1561148021,A+
dish_1561739623,C
dish_1558463690,A
dish_1563479526,C
dish_1558030435,A
dish_1564588719,A+
dish_1562617939,B
dish_1563811463,A
dish_1562183125,A+
dish_1560369403,A+
dish_1563464651,B+
dish_1558381860,F
dish_1558462106,C
dish_1562945879,B+
dish_1566332040,A
dish_1563222775,A+
dish_1563208459,B+
dish_1562184663,A
dish_1563389626,A
dish_1563898722,A
dish_1568315988,A
dish_1558723073,C
dish_1563309189,F
dish_1566316757,A
dish_1563827086,A
dish_1560974009,A
dish_1565811588,A
dish_1568666184,B
dish_1567628069,C
dish_1563555072,A
dish_1564518512,A+
dish_1559751775,A+
dish_1564685450,A+
dish_1561580659,A
dish_1558109907,C
dish_1565023182,A
dish_1558641320,B+
dish_1563822663,A+
dish_1561753649,A
dish_1566501126,A
dish_1566317801,B+
dish_1562173175,A+
dish_1558027057,C
dish_1563909469,B
dish_1568400967,B
dish_1565726887,C
dish_1566590536,B+
dish_1564516397,F
dish_1559841908,C
dish_1562876756,A
dish_1563309398,B
dish_1563217968,A+
dish_1562007866,A
dish_1566850099,D
dish_1560370114,A
dish_1568061320,A
dish_1558549605,C
dish_1559320019,B+
dish_1560887457,A
dish_1558724633,B
dish_1561578865,A
dish_1564170474,B
dish_1567625343,C
dish_1561574428,A+
dish_1565726848,B
dish_1559675268,C
dish_1563984729,A
dish_1568405430,C
dish_1565727821,B
dish_1566933454,B
dish_1559751458,C
dish_1558468589,A
dish_1558641037,B+
dish_1565898758,B
dish_1562614980,A
dish_1562702412,B+
dish_1567542778,A
dish_1558468435,B
dish_1559059954,A
dish_1560368138,B
dish_1559238481,C
dish_1568665970,A
dish_1566931650,A
dish_1561061630,A
dish_1563294441,C
dish_1563910708,B
dish_1558547205,B+
dish_1565897569,A
dish_1559841891,C
dish_1558641442,C
dish_1558031566,A
dish_1565034330,A+
dish_1562786103,B+
dish_1563306039,A
dish_1562614121,B
dish_1564171888,B
dish_1562949541,A+
dish_1558114875,B
dish_1561666640,C
dish_1560539368,A+
dish_1561665706,C
dish_1562010369,A
dish_1558636028,B+
dish_1564685229,A
dish_1566587102,B
dish_1558631904,B+
dish_1561049373,A
dish_1564601638,A+
dish_1562603536,A
dish_1561578156,B+
dish_1565195398,B+
dish_1566502437,B
dish_1558638216,C
dish_1562704640,A+
dish_1563813395,A+
dish_1565981802,A+
dish_1564170098,F
dish_1558636902,C
dish_1560367980,A+
dish_1563898813,A
dish_1565711570,A+
dish_1563910276,B
dish_1558640074,B+
dish_1563308323,C
dish_1558636928,C
dish_1562872182,A
dish_1565107211,A
dish_1560802562,B+
dish_1558722322,C
dish_1558639876,C
dish_1566838378,B+
dish_1562169729,B
dish_1566501258,C
dish_1563811439,B
dish_1566419546,A
dish_1557853229,A
dish_1557937037,B+
dish_1565811287,A
dish_1559843690,C
dish_1562947409,C
dish_1563217993,A+
dish_1561580322,B
dish_1558550079,B+
dish_1561664013,B
dish_1563480534,B
dish_1558375506,B
dish_1559838214,A
dish_1566501153,A
dish_1562008936,A+
dish_1562689645,A
dish_1567625392,C
dish_1562613340,A+
dish_1561578461,A+
dish_1562010929,A+
dish_1566501324,C
dish_1568404889,B+
dish_1562946075,A
dish_1562184628,A
dish_1558641108,C
dish_1558376364,C
dish_1558640917,B
dish_1562872498,A
dish_1568316041,A+
dish_1558459462,C
dish_1560801041,B
dish_1565898544,A+
dish_1563897047,B
dish_1560526552,A+
dish_1562703408,A+
dish_1563464670,A
dish_1558636582,A
dish_1558723512,C
dish_1558381084,C
dish_1568401018,B
dish_1560443537,C
dish_1566500988,C
dish_1565379868,A+
dish_1562172600,A
dish_1565119439,A+
dish_1564775147,A
dish_1565640772,B
dish_1561574783,A
dish_1561737271,A+
dish_1560444985,B+
dish_1565640868,B
dish_1558114937,B
dish_1558379182,A
dish_1558725226,B
dish_1563389413,B
dish_1563826306,A+
dish_1567538263,B
dish_1563305653,A
dish_1565035858,B
dish_1559245589,B+
dish_1566330399,A
dish_1561579673,A
dish_1565640365,A
dish_1566333324,A+
dish_1565378731,B+
dish_1558628956,A+
dish_1558116090,C
dish_1559841091,A
dish_1568061145,B+
dish_1560973936,F
dish_1567537422,B+
dish_1561579576,B+
dish_1562007817,A+
dish_1563827482,A
dish_1562010315,A
dish_1565811061,B
dish_1566402160,A
dish_1562946106,A+
dish_1562784266,B+
dish_1565798617,A+
dish_1564169254,B+
dish_1562874282,A
dish_1560799407,A+
dish_1558720289,B
dish_1558373492,A+
dish_1558630737,B
dish_1559844490,C
dish_1559581333,A
dish_1558720097,C
dish_1563984771,A
dish_1568405499,A+
dish_1563216659,B
dish_1558723568,C
dish_1561661500,A
dish_1558026623,C
dish_1564170173,B+
dish_1566851616,A
dish_1561662190,B+
dish_1565030350,D
dish_1560543557,B+
dish_1558724992,A
dish_1558373284,A
dish_1568405273,A
dish_1563391375,A+
dish_1562008429,A
dish_1562702044,C
dish_1561060531,B+
dish_1562774129,B+
dish_1560453132,B
dish_1565637578,A
dish_1559849466,C
dish_1559149688,A
dish_1558373639,B
dish_1562602832,A+
dish_1558026714,A
dish_1561739212,B
dish_1563565454,A+
dish_1561404956,B
dish_1568315040,A+
dish_1565379827,B+
dish_1564691420,C
dish_1561661377,B
dish_1565725095,B+
dish_1558638844,B+
dish_1558379273,A
dish_1564761426,A
dish_1562876645,A
dish_1559233570,C
dish_1558113941,A
dish_1563900205,A+
dish_1561580278,A+
dish_1563824065,B
dish_1566316612,A+
dish_1558373687,A
dish_1562949494,B+
dish_1562945499,B
dish_1564429843,A
dish_1565728634,A+
dish_1564685144,B+
dish_1565203094,B
dish_1560368162,C
dish_1559233055,A+
dish_1562704528,A
dish_1565884692,B
dish_1565031283,A
dish_1558640593,B+
dish_1562687554,C
dish_1561145732,C
dish_1560539314,A
dish_1558639221,B
dish_1559172356,B
dish_1558110385,A
dish_1562959344,B
dish_1563811639,A+
dish_1562860723,C
dish_1559232986,A
dish_1561737176,A
dish_1567537280,A+
dish_1561578188,B+
dish_1562180089,A
dish_1567022251,B+
dish_1566850031,B
dish_1566933401,A+
dish_1560357832,C
dish_1562875870,A+
dish_1562690886,A
dish_1563302345,B
dish_1566923060,A+
dish_1558462036,A
dish_1558637247,B+
dish_1558028142,C
dish_1560543625,B
dish_1563565323,A+
dish_1558379639,A
dish_1559932674,C
dish_1559245801,C
dish_1562873814,C
dish_1566931620,A
dish_1567785223,A+
dish_1561739188,C
dish_1564687046,A+
dish_1562873187,A
dish_1561491180,A+
dish_1558725702,B
dish_1562789240,A+
dish_1559590031,A
dish_1563389693,A
dish_1563208412,A
dish_1566416388,C
dish_1565728388,A
dish_1562963059,A+
dish_1560543729,A
dish_1564588567,A
dish_1558381665,B
dish_1560455343,B
dish_1565203015,B
dish_1560455380,B
dish_1565721855,B
dish_1567020394,A+
dish_1558723671,C
dish_1563897395,B+
dish_1561664061,B
dish_1558379324,C
dish_1558458584,B
dish_1567024187,A
dish_1558639012,C
dish_1565382733,A
dish_1561575347,A+
dish_1563564707,B+
dish_1562790775,F
dish_1561575033,B
dish_1565811139,A
dish_1567023375,A+
dish_1558721533,C
dish_1562874049,A
dish_1562872746,A+
dish_1558638954,C
dish_1558641164,B+
dish_1562611824,B
dish_1558461607,C
dish_1560366389,A
dish_1561392632,A+
dish_1566499686,A+
dish_1563395510,A+
dish_1559157454,A
dish_1563563348,A
dish_1561405389,B
dish_1560526514,C
dish_1558629818,A
dish_1568320296,A
dish_1558116399,B
dish_1562875211,A
dish_1561492519,C
dish_1563304333,A
dish_1558723719,A
dish_1560798744,A
dish_1558113304,A
dish_1563308428,A+
dish_1558630932,B+
dish_1560368019,A+
dish_1563911255,A+
dish_1563813833,A
dish_1562775373,A
dish_1559242221,A
dish_1566332193,A
dish_1563295292,A
dish_1567106794,B
dish_1562691566,A
dish_1562703382,B+
dish_1563909507,B
dish_1566414723,B
dish_1564589025,C
dish_1558458847,B+
dish_1558632130,C
dish_1562787783,C
dish_1567022383,B
dish_1566587143,A+
dish_1563567663,A+
dish_1563822636,A+
dish_1560442450,B
dish_1566923004,A+
dish_1558115512,A
dish_1564588533,A
dish_1558544427,A
dish_1561749664,B
dish_1565811000,B
dish_1561578441,A+
dish_1565897617,A
dish_1561665671,B+
dish_1558113204,A
dish_1560356523,A
dish_1561393764,A
dish_1559332487,B+
dish_1558628888,A
dish_1561749016,A+
dish_1564601569,B+
dish_1568044581,A
dish_1560787781,B+
dish_1563205982,C
dish_1558723818,B+
dish_1561480414,A
dish_1565032714,C
dish_1561049435,A+
dish_1561407208,B
dish_1559062051,C
dish_1562169762,A
dish_1563826223,A
dish_1558031019,B+
dish_1564589308,C
dish_1558379391,A+
dish_1565035802,C
dish_1564086748,A
dish_1561752035,A
dish_1560444592,A+
dish_1562958775,C
dish_1565813446,A
dish_1558468494,C
dish_1561567053,C
dish_1567525712,F
dish_1558717604,B+
dish_1562168696,B+
dish_1561576483,A
dish_1561060503,B+
dish_1558721980,C
dish_1563897369,B+
dish_1561049409,A
dish_1558460908,C
dish_1559593646,C
dish_1560798928,A
dish_1558640267,C
dish_1562688382,A
dish_1562774475,A+
dish_1561739576,C
dish_1562603842,F
dish_1563908996,A
dish_1565035830,B
dish_1563305722,B
dish_1558642490,C
dish_1558724689,B
dish_1560369313,A+
dish_1560441288,A+
dish_1559243974,C
dish_1567789154,A
dish_1565898590,A+
dish_1558718974,A
dish_1566590566,A
dish_1565207662,A+
dish_1568315132,A+
dish_1563897794,C
dish_1562788601,A
dish_1558030724,C
dish_1561579706,A
dish_1563294575,B+
dish_1565207631,A
dish_1562688552,A
dish_1559675146,C
dish_1564690085,A
dish_1559668016,A
dish_1558640190,C
dish_1565640195,C
dish_1561405356,B
dish_1561663891,A
dish_1566590987,B
dish_1560356355,A
dish_1568665052,A
dish_1566936297,A
dish_1567110665,A+
dish_1557937079,A
dish_1562959295,C
dish_1561406789,C
dish_1562960472,B+
dish_1563308386,C
dish_1562788794,A+
dish_1562687274,F
dish_1561665378,B+
dish_1562168648,C
dish_1559925174,C
dish_1558376734,A
dish_1568664972,B
dish_1567019993,B
dish_1565811335,B+
dish_1563476267,C
dish_1563824377,A
dish_1558115764,A
dish_1563221086,A
dish_1564427406,A
dish_1567110631,C
dish_1564685360,A
dish_1568666000,A
dish_1562687299,F
dish_1561665422,B
dish_1565798591,A
dish_1565036922,A+
dish_1563302315,A
dish_1563220802,A
dish_1566414225,B+
dish_1560442303,A+
dish_1562691613,B
dish_1562872662,A
dish_1563563264,A
dish_1559843185,C
dish_1563389719,A
dish_1559841870,C
dish_1558635546,B+
dish_1559843222,C
dish_1560455421,A+
dish_1558109945,B
dish_1564170010,A
dish_1561664042,B
dish_1561405864,A
dish_1565020867,B
dish_1564773847,A
dish_1565711326,C
dish_1561576257,C
dish_1562007739,A+
dish_1563304301,B+
dish_1563216689,B
dish_1561480391,C
dish_1563389114,B+
dish_1563813436,A+
dish_1566847454,A+
dish_1561060477,B+
dish_1562617446,B+
dish_1558725829,C
dish_1565987269,A
dish_1560961012,B+
dish_1558027243,A+
dish_1558636813,C
dish_1566851198,A+
dish_1566936352,A
dish_1562959517,C
dish_1561753168,B
dish_1564675411,B
dish_1566413321,A
dish_1561407283,A
dish_1561746876,B
dish_1564775182,A+
dish_1565194852,A
dish_1565204855,B
dish_1562788732,A
dish_1559059992,C
dish_1558122583,C
dish_1559245697,B+
dish_1560961261,A+
dish_1558548666,C
dish_1568666089,A+
dish_1568060542,A+
dish_1562085185,A+
dish_1565208637,A
dish_1566402095,A
dish_1566501012,F
dish_1567023296,A
dish_1566851549,A
dish_1566501594,C
dish_1562956486,A
dish_1558722780,C
dish_1558640008,A
dish_1561737200,A
dish_1566844766,A+
dish_1564691380,B+
dish_1563568357,A+
dish_1561574215,B
dish_1558721636,B+
dish_1563568003,A
dish_1566402197,A
dish_1558373449,A
dish_1558379128,C
dish_1558641897,B+
dish_1562702441,B+
dish_1558630325,A
dish_1560368570,A+
dish_1562945779,C
dish_1562085604,C
dish_1559844366,A
dish_1558462228,C
dish_1558632445,A
dish_1566317775,B+
dish_1563480505,B
dish_1558115915,A
dish_1559849497,C
dish_1562617470,A+
dish_1561741063,B
dish_1558378634,A+
dish_1563476646,A+
dish_1558719298,A
dish_1559332418,B
dish_1563309285,C
dish_1560888893,A
dish_1562184604,A
dish_1560370804,B+
dish_1561577198,A
dish_1558548958,A
dish_1559589902,A
dish_1560444931,B+
dish_1565813386,A
dish_1561577947,A
dish_1563823292,A
dish_1561405008,A
dish_1565379788,B+
dish_1565194752,A
dish_1562096372,B
dish_1564588859,B
dish_1565898361,B
dish_1560529825,C
dish_1562774504,A+
dish_1562872945,A+
dish_1558718680,A
dish_1563207301,B+
dish_1567789256,A
dish_1563996509,A+
dish_1564689078,B
dish_1564429235,A+
dish_1561579824,A
dish_1565894889,B+
dish_1560443607,B
dish_1562012076,C
dish_1562700496,B
dish_1561577083,A
dish_1562605352,A
dish_1561574479,A+
dish_1560442279,A+
dish_1559846034,B
dish_1562086740,A
dish_1561574974,B+
dish_1564590190,B+
dish_1556575327,C
dish_1562615128,A+
dish_1558468285,B
dish_1558725049,B
dish_1561579505,B
dish_1558721380,C
dish_1558724005,C
dish_1565640842,B
dish_1562876531,B
dish_1561665626,B+
dish_1562945900,B+
dish_1564000202,A
dish_1558113477,A
dish_1562947885,C
dish_1566316496,F
dish_1558641416,B+
dish_1558630649,C
dish_1563393244,C
dish_1558632475,B+
dish_1558721827,A
dish_1559235639,C
dish_1562860045,A
dish_1565986733,A
dish_1560368395,C
dish_1561576212,C
dish_1565118067,A
dish_1562168399,C
dish_1560455442,A
dish_1567110556,C
dish_1558635933,C
dish_1567542953,A+
dish_1562790855,A
dish_1564428181,A+
dish_1568666061,A+
dish_1563480608,A
dish_1563218031,B
dish_1563998279,A
dish_1559245654,C
dish_1563823814,B+
dish_1559158263,A
dish_1563217939,A
dish_1558546918,C
dish_1562963325,A+
dish_1566329021,A
dish_1560799113,A
dish_1561491210,A+
dish_1560444914,C
dish_1558629398,B+
dish_1565107143,A
dish_1560441464,C
dish_1562611580,A
dish_1563389079,B+
dish_1560526530,B+
dish_1561752449,A+
dish_1559846450,C
dish_1561393619,A
dish_1562947376,C
dish_1564773976,A
dish_1563205877,A
dish_1563910106,C
dish_1566591048,B
dish_1561663035,A
dish_1560787696,A
dish_1565107066,A
dish_1561481577,A
dish_1561737839,C
dish_1563827060,A
dish_1562010085,A
dish_1556575124,C
dish_1561748950,A
dish_1562097624,B+
dish_1565721800,B+
dish_1559578551,A
dish_1561405887,A
dish_1565986702,A
dish_1561665747,B+
dish_1562168450,B
dish_1561406762,B+
dish_1561576707,A
dish_1558642420,C
dish_1565118729,A
dish_1568320470,A+
dish_1558372695,A
dish_1562173111,A
dish_1563813806,B
dish_1559678629,A+
dish_1557936555,A
dish_1563221640,A+
dish_1558373074,B
dish_1566587958,B
dish_1565024707,A
dish_1559849053,A
dish_1568060746,A
dish_1558719514,B+
dish_1561060976,A
dish_1565728562,A
dish_1558457577,A
dish_1568401199,A+
dish_1558721323,C
dish_1566332116,C
dish_1558115320,A
dish_1558639752,B+
dish_1563222745,A
dish_1566587689,A
dish_1561393550,B
dish_1565728684,A+
dish_1558635865,B+
dish_1559845370,C
dish_1558458438,A
dish_1561575506,A+
dish_1564589072,A+
dish_1567789190,A
dish_1559846688,D
dish_1558723096,B
dish_1564675380,A
dish_1560444616,A+
dish_1562774346,A
dish_1558635962,A
dish_1558115641,A+
dish_1565972363,B
dish_1561392570,C
dish_1559319902,C
dish_1561752970,A+
dish_1562698132,A+
dish_1566849208,B
dish_1563996464,B
dish_1562615360,A+
dish_1563476463,A+
dish_1561663990,B
dish_1563567722,A+
dish_1562774159,B+
dish_1562859116,A
dish_1561662501,B+
dish_1560444785,A
dish_1566588016,A+
dish_1568313527,C
dish_1560527950,C
dish_1561062286,A
dish_1560801883,A+
dish_1562789207,A
dish_1558717886,B+
dish_1563811412,B
dish_1562960437,C
dish_1562010891,A+
dish_1561666619,C
dish_1562862550,A+
dish_1562613045,A
dish_1558378516,C
dish_1558463113,C
dish_1562687527,C
dish_1561574848,A
dish_1562861103,F
dish_1565727765,B
dish_1562959103,A+
dish_1561749818,A
dish_1561576618,B+
dish_1558463362,C
dish_1563567372,A+
dish_1561404438,A
dish_1558380527,A
dish_1558725734,C
dish_1560787817,B+
dish_1567801716,A
dish_1562790224,A
dish_1564516483,B
dish_1556575273,C
dish_1559675101,B
dish_1565210009,A
dish_1560455224,B+
dish_1563563492,A
dish_1564159588,A
dish_1563551220,A
dish_1562704616,A+
dish_1566329203,B
dish_1562961650,A+
dish_1562008695,B
dish_1568319725,F
dish_1563998244,A
dish_1558641211,C
dish_1561491121,D
dish_1562009006,A+
dish_1558723894,A
dish_1559240089,C
dish_1560800951,B+
dish_1560270585,C
dish_1558379876,A
dish_1557936599,B
dish_1562611649,A+
dish_1559838279,B+
dish_1560801859,A+
dish_1563566674,C
dish_1567107049,C
dish_1567537457,A
dish_1558637896,C
dish_1558721559,C
dish_1563305321,B+
dish_1558630600,B+
dish_1566328894,A
dish_1567022147,C
dish_1559841023,A
dish_1565210073,A
dish_1562861125,A
dish_1564171970,A+
dish_1567542914,A+
dish_1566931674,A
dish_1560454513,C
dish_1560270630,C
dish_1558115601,C
dish_1562871448,B+
dish_1558029923,B+
dish_1565898723,B
dish_1565194684,B
dish_1568401167,A+
dish_1563813221,B
dish_1563309315,B
dish_1560443437,C
dish_1562963583,A
dish_1565107119,A
dish_1563553756,A+
dish_1565020755,A
dish_1565119642,B
dish_1560526408,B
dish_1564427455,A
dish_1564429184,A
dish_1562950018,C
dish_1566502061,A+
dish_1558639167,B+
dish_1562788816,A+
dish_1558719040,C
dish_1567801748,A+
dish_1559844063,C
dish_1565036953,A+
dish_1559848857,C
dish_1558375667,A
dish_1558640705,C
dish_1561407312,A
dish_1560799368,A
dish_1563911156,B
dish_1557937715,B+
dish_1562009894,C
dish_1558725621,A+
dish_1563464627,B+
dish_1565898511,F
dish_1563812535,B
dish_1560526447,A
dish_1559149650,C
dish_1561575300,A
dish_1563564797,A+
dish_1563551164,B
dish_1568048053,A
dish_1561575274,A
dish_1564073716,B
dish_1566934455,A+
dish_1563395374,B+
dish_1562012048,B+
dish_1566413419,B
dish_1558115282,B
dish_1568401233,A+
dish_1562095283,B
dish_1560541706,B
dish_1565798558,B
dish_1562703447,A
dish_1562690047,D
dish_1563206562,C
dish_1561577219,A+
dish_1559158425,A
dish_1558030383,A
dish_1561663541,C
dish_1558379588,B
dish_1561654732,A+
dish_1567110519,D
dish_1565725071,B+
dish_1562702379,A
dish_1560975491,A+
dish_1566413388,B
dish_1560974769,C
dish_1564427430,A
dish_1559925083,B+
dish_1565898331,B
dish_1561134156,C
dish_1559240875,C
dish_1565209922,A
dish_1564169197,A+
dish_1561060448,A
dish_1565811390,A+
dish_1567785622,C
dish_1565809033,B
dish_1563389446,B
dish_1562617492,A+
dish_1558628339,A
dish_1560356627,A
dish_1566847483,A+
dish_1562785159,A
dish_1560455179,C
dish_1568056258,B
dish_1558637351,B+
dish_1562875273,A
dish_1562099134,A+
dish_1565118096,A
dish_1558116260,A
dish_1563986093,A+
dish_1562690144,A
dish_1558461760,C
dish_1559751744,A+
dish_1562097673,A+
dish_1564086778,A+
dish_1563207389,A
dish_1567022338,B
dish_1560368815,A
dish_1561405934,A
dish_1563206409,A
dish_1563208094,C
dish_1564774773,A
dish_1563564760,A+
dish_1565031338,A
dish_1560961179,A
dish_1558030182,C
dish_1563551397,A
dish_1564518850,B+
dish_1564689168,A+
dish_1565797699,B+
dish_1568060646,C
dish_1559845018,A
dish_1562183175,C
dish_1564083534,A+
dish_1565382969,A
dish_1559846311,C
dish_1565810205,A
dish_1556575499,C
dish_1562945851,B+
dish_1567106594,C
dish_1561666897,A+
dish_1561661972,C
dish_1558722906,B+
dish_1557853314,C
dish_1562963246,A
dish_1560366998,C
dish_1565896745,A
dish_1564777986,A+
dish_1560526472,C
dish_1563565683,A
dish_1558459528,C
dish_1561578839,A
dish_1562787817,A+
dish_1560367296,A+
dish_1560369421,A+
dish_1565981769,B+
dish_1557862783,B
dish_1558549086,C
dish_1562945131,A
dish_1562784242,A
dish_1564685406,A
dish_1562611878,A
dish_1561579845,B
dish_1560543505,B+
dish_1559844928,C
dish_1563555100,A+
dish_1562945332,A
dish_1558721700,C
dish_1561146781,C
dish_1564601470,C
dish_1559246053,C
dish_1562096608,A+
dish_1565711527,A+
dish_1560453412,A
dish_1565123881,A+
dish_1563996656,A+
dish_1566931548,C
dish_1561661552,A
dish_1562009314,B
dish_1561392459,A
dish_1561480460,A+
dish_1562094694,F
dish_1565895808,B+
dish_1560888817,C
dish_1563475826,C
dish_1563550950,A
dish_1562959700,A+
dish_1558458541,A
dish_1566414780,B
dish_1567785130,C
dish_1563567319,A
dish_1558375833,A
dish_1561576074,A+
dish_1561737776,B+
dish_1564778057,A+
dish_1566330466,A+
dish_1563823423,B
dish_1563464457,A
dish_1559925037,A
dish_1565898432,A
dish_1566328961,A
dish_1562602627,A+
dish_1564589366,A+
dish_1564170923,A+
dish_1562788536,B+
dish_1558113255,C
dish_1565987054,B
dish_1563565508,A+
dish_1565811025,B
dish_1564000536,A+
dish_1559678457,A+
dish_1558722685,C
dish_1566851584,A
dish_1565020926,B
dish_1560357792,B+
dish_1561739719,C
dish_1561748862,B
dish_1559842409,A+
dish_1562173411,A
dish_1558723742,B+
dish_1560455000,C
dish_1562010821,A
dish_1566416701,B
dish_1567526814,A
dish_1560527070,C
dish_1559590130,B
dish_1568047973,A
dish_1565034681,A
dish_1562180157,A
dish_1565627800,A
dish_1560800836,A
dish_1562086037,C
dish_1568405466,C
dish_1558639673,C
dish_1560367116,A+
dish_1562959547,A+
dish_1565711154,B
dish_1565638515,A+
dish_1564073641,C
dish_1566414891,C
dish_1562876674,A
dish_1558028690,C
dish_1565987142,B
dish_1560874751,B+
dish_1560456305,B
dish_1563393341,B
dish_1562959379,B
dish_1559240256,B
dish_1562959485,B
dish_1562170236,C
dish_1562876494,B
dish_1558376984,A+
dish_1563820806,B
dish_1567801520,A+
dish_1559239985,C
dish_1563477659,B
dish_1562613974,A+
dish_1567526888,A
dish_1558030832,C
dish_1565798531,D
dish_1563555160,A+
dish_1564777933,A
dish_1565981898,A+
dish_1561739265,B+
dish_1559062082,A+
dish_1559850314,A
dish_1566417475,C
dish_1565119493,A+
dish_1566920339,A
dish_1566402232,A
dish_1560887435,A
dish_1558641358,B
dish_1560801829,A
dish_1558724853,B
dish_1562008476,A+
dish_1563207277,C
dish_1563812508,B
dish_1568055963,F
dish_1559244417,A
dish_1562615283,A
dish_1565117429,A
dish_1560802149,B
dish_1564689138,B
dish_1562180025,A
dish_1562872432,A
dish_1563897938,A
dish_1562686548,A+
dish_1562184705,A
dish_1566934366,A
dish_1561134102,C
dish_1568318286,B
dish_1565727921,A+
dish_1563568148,A
dish_1565119698,A+
dish_1564428404,F
dish_1562958809,A+
dish_1563996308,B
dish_1561060642,A+
dish_1560453150,B
dish_1562946006,A
dish_1565725156,B
dish_1562096907,A
dish_1561749778,B
dish_1562775110,C
dish_1565641943,A
dish_1562168427,B
dish_1558376437,C
dish_1563567599,B
dish_1561481634,A+
dish_1558632233,B+
dish_1562875320,A
dish_1565383159,A
dish_1560441247,A
dish_1562775047,B+
dish_1568660810,A
dish_1563468240,C
dish_1560367904,A
dish_1567625434,B
dish_1561049320,A
dish_1561661324,A+
dish_1562691383,C
dish_1564588919,A
dish_1561575192,A
dish_1558115960,C
dish_1561661449,A+
dish_1565207694,A+
dish_1568318361,A
dish_1562788032,A+
dish_1567106620,C
dish_1558723982,A
dish_1561749908,A
dish_1560444637,A+
dish_1562789301,A+
dish_1558641253,B+
dish_1559235771,B+
dish_1561753203,A
dish_1558114441,A
dish_1566851115,B
dish_1559590005,A
dish_1558031133,C
dish_1559668272,A
dish_1566933498,A
dish_1562700593,A+
dish_1565972628,A
dish_1562096343,A
dish_1557861837,A+
dish_1565382762,A
dish_1565984299,C
dish_1565109659,A
dish_1558722636,C
dish_1565034281,B+
dish_1558376212,A
dish_1561575977,A+
dish_1563304369,A
dish_1562876709,A
dish_1558632921,B+
dish_1563465847,A
dish_1561148481,A+
dish_1558109986,A
dish_1558722665,B
dish_1558028606,C
dish_1565898230,A
dish_1561574394,A
dish_1565208611,A+
dish_1560367085,A
dish_1561753432,A+
dish_1561492703,A+
dish_1561663786,B+
dish_1558629488,B
dish_1565808943,C
dish_1562790259,A
dish_1558380058,A
dish_1559844030,C
dish_1559845745,C
dish_1565024741,A
dish_1560456814,A+
dish_1567020340,A
dish_1561579867,A
dish_1562173200,A+
dish_1560798854,A
dish_1564160043,C
dish_1562777068,A+
dish_1566501575,C
dish_1558722125,A
dish_1564690038,B
dish_1563822546,A+
dish_1558640808,C
dish_1566923030,C
dish_1565640227,A
dish_1558122740,A
dish_1561746912,A
dish_1563217895,B+
dish_1562950934,A
dish_1561662562,A+
dish_1567108037,A
dish_1561575951,A+
dish_1565031376,A
dish_1564515049,A+
dish_1565972674,A
dish_1558719570,B+
dish_1558546434,A
dish_1566413356,B
dish_1568047932,A
dish_1564429270,A+
dish_1562173267,A+
dish_1562700760,A
dish_1564432128,A
dish_1558641200,C
dish_1561578775,A
dish_1563898019,A
dish_1561392543,F
dish_1565021714,A
dish_1562096933,A
dish_1561667207,A+
dish_1559590157,B
dish_1558630450,C
dish_1560367258,A+
dish_1563827188,A
dish_1567785778,A
dish_1562613376,A+
dish_1558722871,B
dish_1568305198,A
dish_1560527168,A+
dish_1562875159,A
dish_1556575014,F
dish_1563820775,B
dish_1560798656,A
dish_1558116547,B
dish_1558721345,B
dish_1566937992,A
dish_1558725286,A+
dish_1559240510,C
dish_1565382995,A
dish_1566501067,B
dish_1558639979,A
dish_1560529804,C
dish_1557863056,F
dish_1565210037,B+
dish_1559240382,B+
dish_1568060722,B
dish_1562603569,A+
dish_1565726949,A+
dish_1561741139,A
dish_1563218987,A+
dish_1563824130,C
dish_1558640145,B+
dish_1558115047,B
dish_1566402123,A
dish_1558630488,C
dish_1559678367,B
dish_1560453328,B
dish_1566329049,A
dish_1562945186,A+
dish_1564170283,A+
dish_1563217774,A
dish_1565728494,A
dish_1558380152,B
dish_1560799277,A
dish_1558639440,B+
dish_1564082212,B
dish_1563206601,A
dish_1562614088,B
dish_1563222850,A
dish_1565711115,B
dish_1563304925,B
dish_1564775216,A
dish_1559238608,C
dish_1568319838,A+
dish_1558630176,B+
dish_1563220087,A
dish_1565209963,A
dish_1565194781,A
dish_1568404850,C
dish_1565024675,A
dish_1564686791,A+
dish_1559593746,B
dish_1565382886,A
dish_1563391333,B+
dish_1562775241,B+
dish_1558375732,C
dish_1558459664,B+
dish_1568666263,B
dish_1562691466,A+
dish_1566333228,A+
dish_1567007848,C
dish_1567107989,B
dish_1559590202,A
dish_1566332085,A
dish_1562774980,B+
dish_1565638365,A+
dish_1563823359,B
dish_1558638896,C
dish_1566589933,A
dish_1563565289,B+
dish_1562617370,A
dish_1560541793,B
dish_1565724509,B+
dish_1562788760,A
dish_1566501447,B
dish_1558637214,C
dish_1561494032,B
dish_1558724607,C
dish_1561492628,A+
dish_1558719066,B+
dish_1565727875,A
dish_1561662532,B+
dish_1562945393,A
dish_1560443474,C
dish_1562873838,B
dish_1562700957,A+
dish_1562959799,A+
dish_1562699652,B+
dish_1558723960,B
dish_1562959024,A+
dish_1563897492,A
dish_1562096973,A
dish_1561577848,B
dish_1563476577,A+
dish_1565021141,A+
dish_1565382856,A
dish_1558636483,B+
dish_1559841127,A+
dish_1566838286,C
dish_1565369938,A
dish_1562775549,A
dish_1559149719,A
dish_1561062237,B
dish_1561665065,B
dish_1562183201,B+
dish_1558630207,A
dish_1561576652,B+
dish_1566414642,A
dish_1562788845,A+
dish_1559667948,B+
dish_1558547124,A
dish_1562602888,A
dish_1561567086,C
dish_1560874667,A
dish_1567110783,A
dish_1561576767,A
dish_1564601528,C
dish_1563304958,B
dish_1561577119,A+
dish_1565896039,A+
dish_1558725760,B+
dish_1558113430,B
dish_1567526785,A
dish_1561407249,B
dish_1563221562,A
dish_1563305401,A+
dish_1563911215,A
dish_1563481030,C
dish_1563303386,A
dish_1566328929,A+
dish_1567525744,A
dish_1564590226,B+
dish_1560799615,A
dish_1562168471,B
dish_1559243139,B+
dish_1562702091,B+
dish_1559845513,C
dish_1563304881,B
dish_1558550181,C
dish_1565641844,A
dish_1561746970,A
dish_1562700931,C
dish_1560539340,A
dish_1565123783,A
dish_1567789230,A
dish_1565638478,B+
dish_1558639662,C
dish_1558549806,A
dish_1558724766,B+
dish_1558640781,B+
dish_1562700885,B
dish_1558629013,C
dish_1556572657,F
dish_1561654374,A+
dish_1567024135,A
dish_1561667238,A+
dish_1561576737,A
dish_1566849233,C
dish_1568649354,B+
dish_1562010865,A
dish_1558460205,A
dish_1563465805,C
dish_1560455399,A+
dish_1560203400,A
dish_1564428475,B+
dish_1560888849,B
dish_1565987015,A
dish_1561060703,A+
dish_1558468547,C
dish_1562963153,A+
dish_1565030391,A
dish_1567537185,A
dish_1562945445,A
dish_1563566725,B+
dish_1558028007,C
dish_1567801468,A+
dish_1558636763,B+
dish_1560368110,C
dish_1568405183,B
dish_1558635489,B+
dish_1565036788,A
dish_1562963109,A+
dish_1558031526,C
dish_1562700718,A
dish_1560799590,A
dish_1559842274,A
dish_1561580406,A
dish_1562958445,F
dish_1560367926,A+
dish_1562011765,A
dish_1557861605,A
dish_1560961059,B+
dish_1562775275,B+
dish_1566414342,A
dish_1566333118,A
dish_1561654392,A
dish_1565799617,A
dish_1558718649,C
dish_1560543465,A+
dish_1566851155,B+
dish_1559245979,C
dish_1562788506,B+
dish_1561392734,C
dish_1560356314,B
dish_1562790170,A
dish_1558721587,B+
dish_1559849020,C
dish_1562774531,A+
dish_1567007719,C
dish_1558638292,C
dish_1563827110,A
dish_1564503219,B
dish_1562010418,A
dish_1562172643,A
dish_1562690112,A
dish_1559240987,B+
dish_1561404458,A
dish_1568305225,A
dish_1562009810,C
dish_1566835701,A
dish_1563294465,C
dish_1567023184,B
dish_1566936323,A
dish_1563216381,B
dish_1563305948,B
dish_1567106870,A+
dish_1567538303,A
dish_1559846825,A
dish_1561749348,B
dish_1559243704,C
dish_1562785328,C
dish_1558116146,C
dish_1561577177,A
dish_1568665935,A
dish_1560368691,B
dish_1562168800,C
dish_1561654756,A+
dish_1560802006,A+
dish_1560801020,C
dish_1562602687,A+
dish_1562949467,A+
dish_1565811423,A
dish_1558632959,C
dish_1558639412,C
dish_1563464429,A+
dish_1558725112,A+
dish_1564169878,A+
dish_1558028057,A
dish_1565812186,B
dish_1561406817,C
dish_1558115241,C
dish_1566331868,A
dish_1558630072,B+
dish_1566849862,F
dish_1558375583,A
dish_1566931519,C
dish_1565724269,A
dish_1563812570,B
dish_1565813414,A
dish_1561654346,B+
dish_1561148303,A
dish_1560801797,B+
dish_1568401064,B
dish_1559844090,C
dish_1563568292,B+
dish_1558723047,C
dish_1568061174,B+
dish_1562776465,B+
dish_1562086116,B+
dish_1561661850,A+
dish_1558468632,B
dish_1562181217,A
dish_1563565805,A+
dish_1558632990,B
dish_1559933818,A
dish_1566329257,A
dish_1563563467,A+
dish_1565896662,B
dish_1563295360,A
dish_1564688969,A
dish_1561579933,A
dish_1561666821,A
dish_1558723639,B
dish_1558545738,B+
dish_1558116486,C
dish_1558381143,A
dish_1565033085,B
dish_1562947598,C
dish_1565123845,A+
dish_1562615388,A+
dish_1558546558,A
dish_1562009098,A
dish_1562704564,A+
dish_1560539396,A+
dish_1561060558,A
dish_1562688524,A
dish_1561578417,A+
dish_1558380414,C
dish_1565898193,A
dish_1558640882,C
dish_1558638163,C
dish_1563567626,C
dish_1562873790,D
dish_1567023132,C
dish_1558630867,B+
dish_1566316726,B
dish_1567785654,C
dish_1566415591,A+
dish_1563811515,A
dish_1558719377,B+
dish_1559674689,C
dish_1559061675,C
dish_1561492182,B+
dish_1565711498,A+
dish_1564159520,A
dish_1561578800,A
dish_1557853429,A+
dish_1560455059,C
dish_1558459945,B+
dish_1563220143,A
dish_1560360148,A+
dish_1564502063,A
dish_1562947436,A
dish_1563898880,A
dish_1566415520,B+
dish_1562784347,B+
dish_1561662869,B
dish_1558636514,C
dish_1559233627,A
dish_1563551105,B+
dish_1561404505,A+
dish_1558724723,B
dish_1564086624,B+
dish_1562689519,B
dish_1558640513,B+
dish_1558639588,A
dish_1564588483,A
dish_1560456326,B
dish_1558029518,C
dish_1563566965,B+
dish_1563811490,A
dish_1562691538,B
dish_1563307488,A
dish_1561574456,A
dish_1562776428,B
dish_1558721904,B+
dish_1559245848,C
dish_1562950895,C
dish_1563219009,A+
dish_1559242066,B+
dish_1558110335,A
dish_1564518542,A+
dish_1562774206,A
dish_1562689548,A
dish_1566931179,C
dish_1556575446,C
dish_1558723695,B+
dish_1566934401,A+
dish_1565711296,C
dish_1560543525,B+
dish_1563389786,A+
dish_1559849537,B+
dish_1563481061,A+
dish_1559233756,B+
dish_1558459602,A
dish_1565118999,B
dish_1562860700,C
dish_1565711083,A
dish_1566419603,B+
dish_1559850338,A+
dish_1559319971,C
dish_1558639907,C
dish_1564429808,A
dish_1562788568,B+
dish_1558725576,B
dish_1558109864,A
dish_1566413469,A
dish_1558639138,C
dish_1558031237,C
dish_1558029230,C
dish_1568649430,A+
dish_1562698100,B+
dish_1562011794,A+
dish_1561736715,A
dish_1558720133,B
dish_1558031394,C
dish_1565379320,A+
dish_1561577549,A
dish_1562613867,C
dish_1559157919,A
dish_1563393403,A+
dish_1567021864,A+
dish_1558637423,B
dish_1568315088,A+
dish_1562615103,C
dish_1561748274,A+
dish_1558632198,A+
dish_1563824155,A+
dish_1567785739,F
dish_1557937615,C
dish_1565641885,A
dish_1558641287,C
dish_1568318408,B
dish_1558639683,C
dish_1568044528,B+
dish_1565896701,A
dish_1560975601,A
dish_1563208129,A+
dish_1558029278,A
dish_1558641391,C
dish_1558640450,B+
dish_1562956510,A
dish_1563997386,C
dish_1558724891,B+
dish_1559678083,D
dish_1563823390,B
dish_1565117962,B
dish_1566934487,A+
dish_1558629517,A+
dish_1558629677,B+
dish_1566413510,A
dish_1564689219,A+
dish_1558029842,C
dish_1565020796,B
dish_1568320338,A+
dish_1566332154,B
dish_1563824092,B+
dish_1558630814,A
dish_1566331828,B
dish_1559581378,A
dish_1566414412,A
dish_1567537252,A
dish_1558639482,B+
dish_1563565720,A
dish_1558720335,C
dish_1563305837,A+
dish_1564590254,B+
dish_1563550976,A+
dish_1565711183,B
dish_1558640105,B+
dish_1567629106,A
dish_1562094877,B
dish_1566417442,C
dish_1565810237,B
dish_1560455203,C
dish_1561740321,F
dish_1558636980,B+
dish_1563909580,B+
dish_1562949242,A
dish_1562094931,A
dish_1566838317,C
dish_1564083480,A
dish_1560441311,A+
dish_1562605384,A+
dish_1567526845,A
dish_1568060616,B
dish_1566920304,B
dish_1568666357,A
dish_1558114284,A
dish_1559678104,B
dish_1563553735,C
dish_1567785709,F
dish_1559934708,A
dish_1564590352,A
dish_1559848929,C
dish_1559674866,B+
dish_1558639818,C
dish_1566502033,B+
dish_1565637608,A
dish_1558722103,B+
dish_1564503184,A
dish_1558722207,B+
dish_1561664977,C
dish_1558722171,B
dish_1558641989,B
dish_1562784388,B+
dish_1560270537,C
dish_1564516732,B+
dish_1559585533,B
dish_1558633221,C
dish_1559245920,B
dish_1563820834,A
dish_1561662948,B
dish_1558459020,C
dish_1558721434,C
dish_1562785184,A+
dish_1559678127,C
dish_1558372650,C
dish_1563827425,A+
dish_1561405411,A
dish_1559841979,C
dish_1563220767,A
dish_1562959059,A+
dish_1565378770,A+
dish_1559678651,A+
dish_1562085163,A
dish_1562008738,B
dish_1562950091,A+
dish_1565812146,C
dish_1562095340,A
dish_1566328745,B
dish_1561740353,F
dish_1560802048,A+
dish_1564429744,C
dish_1562691409,A
dish_1564516454,B
dish_1562183065,A
dish_1564685183,C
dish_1558724658,C
dish_1561579902,A
dish_1561492228,A+
dish_1558629715,C
dish_1561736736,A
dish_1558113154,C
dish_1561392430,A+
dish_1562872981,A+
dish_1559846528,B+
dish_1568666230,B
dish_1563551006,A+
dish_1566936266,B
dish_1568044496,C
dish_1561146758,C
dish_1561753400,A
dish_1568060501,A+
dish_1559062005,A
dish_1558376801,B
dish_1563305047,B
dish_1566502315,B
dish_1561392710,C
dish_1567612986,A
dish_1562777099,A+
dish_1563480476,B
dish_1558376483,A+
dish_1565727738,B
dish_1565637162,A+
dish_1558027164,A
dish_1558457665,A+
dish_1561662842,B
dish_1562963289,A
dish_1566330428,A
dish_1561481606,A
dish_1561147967,A
dish_1562963676,B+
dish_1558381819,B+
dish_1565207727,A+
dish_1568056217,B
dish_1559845399,C
dish_1561393649,A
dish_1563476408,A+
dish_1564518454,A
dish_1562873002,A+
dish_1565637123,B
dish_1563897087,A
dish_1559157777,A
dish_1560543704,B+
dish_1565020822,A
dish_1559238566,C
dish_1561662160,F
dish_1564169340,A+
dish_1566589967,B
dish_1560444570,A
dish_1559846363,C
dish_1558640614,B+
dish_1565987081,B
dish_1565118700,B
dish_1562958721,B+
dish_1562961609,A+
dish_1560800988,C
dish_1565640914,A
dish_1563294987,A
dish_1565117463,A
dish_1560455090,A
dish_1567007783,C
dish_1561392410,A
dish_1566846997,A
dish_1560456348,B
dish_1561062586,B+
dish_1565799565,B
dish_1561576887,B+
dish_1559060106,A
dish_1560368712,B
dish_1566849987,B
dish_1565117892,B
dish_1563218408,A
dish_1561577678,A
dish_1563897439,A
dish_1558722842,C
dish_1565884766,A
dish_1561575170,B
dish_1563294408,C
dish_1564690194,A+
dish_1565369971,A+
dish_1564170542,B
dish_1563897870,B+
dish_1565898128,B
dish_1565204931,A
dish_1563812615,B
dish_1568055986,C
dish_1558028772,C
dish_1559846073,C
dish_1566835641,B
dish_1562790295,A
dish_1558031351,C
dish_1562871297,A
dish_1562690074,A
dish_1568060414,B+
dish_1562169840,A+
dish_1558459059,C
dish_1559589942,A
dish_1565123816,A+
dish_1561576320,A+
dish_1565809120,B
dish_1563996441,A
dish_1562700685,A
dish_1566333291,A+
dish_1565797671,C
dish_1559933834,A
dish_1565640894,B
dish_1568405306,A
dish_1563308353,B+
dish_1564773942,B
dish_1562686577,A+
dish_1560961107,B+
dish_1563475788,C
dish_1562096584,B+
dish_1565799597,A
dish_1562959599,A+
dish_1558376768,B
dish_1558372771,A+
dish_1565987116,B
dish_1564169932,A+
dish_1564000417,A
dish_1567022180,C
dish_1560444967,C
dish_1562009148,A
dish_1566416455,A+
dish_1566849295,A+
dish_1562958603,A+
dish_1558457415,C
dish_1566419510,A
dish_1559844323,A
dish_1558029686,A
dish_1561392386,A
dish_1564685482,A+
dish_1562181247,A
dish_1559841061,A+
dish_1564171996,A+
dish_1558641007,C
dish_1561148336,A
dish_1565382833,A
dish_1558380804,B
dish_1558642021,B+
dish_1561751897,B
dish_1562008549,A
dish_1558725193,A
dish_1561661479,A+
dish_1568319899,A+
dish_1559059924,A
dish_1562602945,B
dish_1556573514,B
dish_1562603813,F
dish_1568666329,A
dish_1559239912,C
dish_1559243887,A
dish_1558640311,C
dish_1562876732,A
dish_1563294491,C
dish_1558628760,B+
dish_1565721828,B+
dish_1561741090,A
dish_1561393715,B
dish_1562085132,A
dish_1561574623,A
dish_1560367193,A+
dish_1562699612,B+
dish_1560369255,A
dish_1565021675,A
dish_1566587182,A+
dish_1562872396,B
dish_1559241099,C
dish_1562602589,A
dish_1560802853,A
dish_1562603867,B
dish_1558382263,A+
dish_1560367333,A
dish_1566416299,B+
dish_1563221602,A+
dish_1558114484,A
dish_1563555543,A+
dish_1563305005,B
dish_1565383062,B
dish_1560798815,A
dish_1563389548,A
dish_1558639526,C
dish_1562010293,A
dish_1562686520,A
dish_1558380014,C
dish_1562613010,B
dish_1558631932,B+
dish_1563911185,B
dish_1565194906,A
dish_1560367698,A+
dish_1558379712,A
dish_1567612954,C
dish_1558722968,A+
dish_1561663606,A
dish_1562949205,A+
dish_1566332268,A
dish_1558116436,A
dish_1566849387,A
dish_1561481673,A+
dish_1558380181,A+
dish_1567625294,F
dish_1564169644,A
dish_1558640941,C
dish_1557936645,C
dish_1559844611,C
dish_1558028492,C
dish_1563395449,B+
dish_1568313640,A
dish_1561492665,A
dish_1563555563,A+
dish_1559844272,A
dish_1566849269,A+
dish_1565194823,A
dish_1562008517,A
dish_1558026684,C
dish_1562602803,A+
dish_1559842374,A
dish_1563305513,A
dish_1562872470,A
dish_1562875898,A+
dish_1559843052,C
dish_1564432165,B+
dish_1567007814,C
dish_1562617416,A
dish_1567110756,B+
dish_1559846585,C
dish_1565118782,A
dish_1559578599,A
dish_1558632080,B+
dish_1558718906,B+
dish_1564428102,B
dish_1560526490,C
dish_1568405405,B
dish_1560541680,A
dish_1561147944,B
dish_1561393741,A
dish_1562703345,B+
dish_1559239369,C
dish_1562963648,B+
dish_1565022027,A
dish_1562686492,A
dish_1563997418,A+
dish_1560456370,B
dish_1562686664,C
dish_1566851704,A+
dish_1565724552,B+
dish_1560453294,B
dish_1566500963,A
dish_1558110297,C
dish_1562783605,B
dish_1562011727,A
dish_1566847043,A
dish_1565884738,B
dish_1565726915,C
dish_1559239256,C
dish_1563824406,A
dish_1561737223,A
dish_1566502271,B
dish_1564605328,A
dish_1559332822,A
dish_1563908957,A+
dish_1562168673,B+
dish_1567542986,A+
dish_1568401090,A
dish_1567106646,C
dish_1563302391,B
dish_1560369273,A
dish_1566934085,A+
dish_1558115169,A
dish_1560442374,C
dish_1560527225,A+
dish_1558628711,C
dish_1563565415,A+
dish_1567106668,C
dish_1560357297,A
dish_1559844458,C
dish_1560444756,C
dish_1558110245,C
dish_1564588820,B
dish_1563984199,B
dish_1563913588,A
dish_1565728591,A+
dish_1556575700,B
dish_1559849097,C
dish_1562787745,C
dish_1563898107,A+
dish_1563900120,C
dish_1560874548,C
dish_1563984296,A
dish_1558721959,C
dish_1561491154,A
dish_1563477736,A+
dish_1558639195,B+
dish_1560454970,C
dish_1556575083,B
dish_1562099157,A+
dish_1560800918,B+
dish_1563218201,A
dish_1558722748,B+
dish_1567628193,A+
dish_1566328988,A
dish_1560441339,A+
dish_1563898688,B
dish_1565021965,B
dish_1561753021,A+
dish_1565640576,A
dish_1560543605,B
dish_1560961385,A+
dish_1565711453,A
dish_1564590115,C
dish_1561577731,A+
dish_1568044634,A
dish_1561663914,A
dish_1564082323,B
dish_1562613898,B+
dish_1563566626,F
dish_1567023161,B
dish_1558722370,B
dish_1561060613,A
dish_1561575445,B+
dish_1559060055,C
dish_1558381840,B
dish_1562873416,A+
dish_1558381708,C
dish_1563553780,A+
dish_1561661806,A+
dish_1563222800,A
dish_1568060461,A
dish_1560961202,A
dish_1561737293,A+
dish_1566590946,B
dish_1565021220,A+
dish_1562701956,C
dish_1563475874,C
dish_1563551360,A
dish_1563563289,A
dish_1561739160,C
dish_1562009182,A
dish_1562007763,B+
dish_1559845046,A
dish_1563219056,A+
dish_1559846334,C
dish_1558372948,A
dish_1565033220,A
dish_1562010394,A
dish_1563395341,A
dish_1558114609,A+
dish_1561405332,B
dish_1566415558,A+
dish_1558629578,B
dish_1559593722,B
dish_1561480439,B+
dish_1562702355,B
dish_1563220171,A
dish_1568314951,A
dish_1563221025,A
dish_1559674781,C
dish_1563827162,A
dish_1560798707,A
dish_1568315177,A+
dish_1558031675,A
dish_1558116001,A+
dish_1560369102,A
dish_1558724932,A
dish_1565638550,B
dish_1561741174,A
dish_1560367676,A
dish_1560356566,A
dish_1558640563,C
dish_1562688482,A+
dish_1562875241,A
dish_1563563240,F
dish_1565711270,C
dish_1565378680,B+
dish_1565972429,A
dish_1558719145,A
dish_1561578676,A+
dish_1560366410,A
dish_1565637504,C
dish_1559667994,A+
dish_1567613019,A
dish_1562777037,A
dish_1558640849,C
dish_1562603895,A+
dish_1558457468,C
dish_1558630038,B
dish_1564170836,B
dish_1564774805,A
dish_1562871537,A+
dish_1560527105,B+
dish_1564590288,A
dish_1562008394,A
dish_1560445004,A+
dish_1562875940,A
dish_1563207406,A
dish_1560975346,B
dish_1559674074,A
dish_1562873264,A
dish_1560527745,B
dish_1565195436,A+
dish_1566844803,A
dish_1560456794,A
dish_1563563378,A+
dish_1563479625,A+
dish_1562871363,B+
dish_1566850142,A
dish_1562775356,A
dish_1564086709,B+
dish_1557937758,B+
dish_1566316558,A
dish_1563295016,A+
dish_1558110478,B+
dish_1568320383,A+
dish_1558639306,C
dish_1566931116,B
dish_1561061123,A+
dish_1558376938,C
dish_1563468362,B
dish_1560543583,A+
dish_1567542843,A+
dish_1565981848,A+
dish_1566849955,C
dish_1558373008,A
dish_1561577598,A
dish_1566838351,C
dish_1563565761,A+
dish_1561662022,C
dish_1565117990,B
dish_1558460138,C
dish_1563479596,B+
dish_1562874203,A
dish_1564675157,B+
dish_1561580552,B
dish_1561737248,A+
dish_1568666303,B
dish_1558638924,B
dish_1561494001,B
dish_1566502000,A+
dish_1562010130,A+
dish_1562097001,A+
dish_1558640477,B+
dish_1561061593,A+
dish_1563302420,A
dish_1557863012,A
dish_1565382803,B+
dish_1564516760,B
dish_1565895879,A
dish_1568318316,A
dish_1559242155,C
dish_1567023335,A
dish_1563566909,C
dish_1558637932,B+
dish_1563294522,B+
dish_1557937157,A+
dish_1565727791,A+
dish_1561753477,A+
dish_1564675060,C
dish_1558030289,C
dish_1566416339,B+
dish_1560441511,C
dish_1558640604,B+
dish_1559667973,A+
dish_1567110811,A+
dish_1563568118,A
dish_1562097653,B+
dish_1560367153,A+
dish_1563220058,A
dish_1558632799,B+
dish_1563305083,B
dish_1565034234,B
dish_1564083508,A
dish_1567629081,A
dish_1558373405,C
dish_1562702007,B+
dish_1563811611,A
dish_1566414924,C
dish_1567801830,A+
dish_1563568025,A+
dish_1561575068,B
dish_1557861795,A+
dish_1563389153,C
dish_1563216412,C
dish_1561666923,A+
dish_1565724235,B
dish_1565897680,A
dish_1565383128,A
dish_1559233445,C
dish_1563217804,A+
dish_1563898084,A+
dish_1557937427,A
dish_1558629041,A+
dish_1566588066,A+
dish_1565034661,B
dish_1560973984,B+
dish_1558381943,A
dish_1565637548,B+
dish_1562168365,C
dish_1558642458,B
dish_1564514953,A+
dish_1560456833,A+
dish_1561574600,B+
dish_1559848882,C
dish_1563303298,B
dish_1558639362,C
dish_1566488905,C
dish_1566933180,B
dish_1558721272,C
dish_1557862696,B
dish_1563464389,A
dish_1561749061,A+
dish_1558544482,C
dish_1563395415,B+
dish_1561739649,C
dish_1566414686,B
dish_1568405214,A+
dish_1559843492,C
dish_1559841950,B
dish_1559238993,C
dish_1558639849,C
dish_1561578570,A
dish_1560788384,A
dish_1563464543,A+
dish_1564429702,B
dish_1564686740,B+
dish_1558547068,A
dish_1563307519,A
dish_1563391922,B
dish_1565811529,D
dish_1559846504,C
dish_1558116298,A+
dish_1561574815,A
dish_1567022296,B
dish_1559751710,C
dish_1560444815,A+
dish_1557863170,F
dish_1561753589,B
dish_1558372525,A
dish_1567020091,A+
dish_1560454562,A+
dish_1558639555,C
dish_1563551134,A
dish_1560802730,B
dish_1561580608,B
dish_1560444701,C
dish_1566316525,B
dish_1565799507,C
dish_1564590146,B+
dish_1565109637,A
dish_1566414611,B
dish_1567021799,A
dish_1559844657,C
dish_1558376874,A
dish_1562699699,A+
dish_1558721669,B
dish_1565638599,A
dish_1558640294,C
dish_1559149615,A
dish_1558640238,C
dish_1563295400,A+
dish_1559332795,D
dish_1558722707,C
dish_1560369008,A+
dish_1559233144,A
dish_1563205903,B
dish_1558380464,A
dish_1565195362,C
dish_1556575386,C
dish_1567023262,A
dish_1560887480,A+
dish_1564601600,A+
dish_1561740385,C
dish_1563996596,A+
dish_1558724799,C
dish_1560366963,C
dish_1563984835,A+
dish_1560366460,A
dish_1562010266,A
dish_1560369122,B+
dish_1566402041,B
dish_1564605293,A
dish_1565021185,A+
dish_1558638137,B+
dish_1562787983,B+
dish_1561751958,A
dish_1563913741,B+
dish_1558640748,B
dish_1562617395,A
dish_1566502472,C
dish_1562691000,A+
dish_1565119739,A+
dish_1565728453,A
dish_1564169298,A
dish_1563909951,B
dish_1566501041,A+
dish_1562008842,A+
dish_1566414754,B
dish_1561575996,A+
dish_1561578603,A+
dish_1563567978,A
dish_1561576051,A+
dish_1565638287,A
dish_1561753371,A+
dish_1563393182,B
dish_1563389600,A
dish_1568061272,A
dish_1562958998,A
dish_1560456853,A+
dish_1561662926,B
dish_1560370137,B
dish_1558636388,B
dish_1558633158,C
dish_1564170880,A+
dish_1559678405,A
dish_1563564676,A+
dish_1562086501,A
dish_1560453275,B
dish_1558725085,C
dish_1565799663,A
dish_1562700906,B+
dish_1564086602,A
dish_1567024066,A
dish_1558631872,C
dish_1558722883,B
dish_1565898402,B
dish_1567537212,A
dish_1563909982,A+
dish_1562687246,F
dish_1562173381,A
dish_1566851677,A
dish_1565020895,B
dish_1565797645,C
dish_1565035746,C
dish_1565033189,B
dish_1558629878,B+
dish_1561575410,B
dish_1565724620,A
dish_1558719097,C
dish_1561739760,C
dish_1560356337,B+
dish_1561663580,A
dish_1557862345,B
dish_1561578394,A+
dish_1562774180,C
dish_1558458903,A
dish_1563309237,C
dish_1558641926,B+
dish_1562775574,B
dish_1562875833,A
dish_1567023110,F
dish_1559843715,C
dish_1561666875,A+
dish_1565208562,A+
dish_1564432191,B+
dish_1560370833,B+
dish_1563389742,A+
dish_1563565354,A+
dish_1558718587,B
dish_1561576449,B
dish_1559319826,C
dish_1561749711,B
dish_1566501382,B
dish_1565972384,A
dish_1562613918,B+
dish_1562613285,C
dish_1559581236,A
dish_1565809080,B
dish_1560360030,A
dish_1562008780,B
dish_1562963484,B
dish_1558722473,C
dish_1567020366,A
dish_1558110436,C
dish_1566938059,A+
dish_1562947503,A+
dish_1562691441,A
dish_1562702469,A+
dish_1567022212,B+
dish_1564588889,A
dish_1562009934,B+
dish_1561577701,A
dish_1567024112,A+
dish_1568314857,A+
dish_1568318480,A
dish_1558459395,A
dish_1562689601,A
dish_1562775456,C
dish_1564516429,A
dish_1564514997,A+
dish_1564428515,A+
dish_1565640812,B
dish_1558630006,C
dish_1557862829,A
dish_1562690917,B+
dish_1562871408,B+
dish_1557937574,C
dish_1563996251,B
dish_1565641915,B+
dish_1558468731,B
dish_1559841571,B+
dish_1562170331,B+
dish_1558722398,B+
dish_1559061752,A
dish_1560889008,B+
dish_1564773826,C
dish_1563984167,B
dish_1565724588,B+
dish_1558640039,C
dish_1562615070,B+
dish_1562949162,A
dish_1563996625,A
dish_1563824304,C
dish_1558028194,A+
dish_1562173742,A
dish_1561662358,B+
dish_1565812116,A
dish_1563566939,B+
dish_1558629444,A
dish_1562959766,A+
dish_1558723123,B+
dish_1561404485,A+
dish_1560527140,A+
dish_1562086564,A+
dish_1560787754,A
dish_1563221054,A
dish_1563813501,A+
dish_1563563527,A+
dish_1558375886,A+
dish_1562871488,C
dish_1558636868,A
dish_1562963084,A+
dish_1560975628,A
dish_1565107092,B
dish_1561749750,B
dish_1558381206,A+
dish_1559578579,A+
dish_1566488956,A
dish_1564675240,A
dish_1559593794,A
dish_1558462531,C
dish_1558640671,C
dish_1563221157,A+
dish_1568061234,B+
dish_1567801791,A
dish_1558636544,A
dish_1560802092,B
dish_1564170141,C
dish_1563391647,B
dish_1558722931,A
dish_1566333255,A+
dish_1563207332,A+
dish_1563827454,A+
dish_1563984701,A
dish_1561492687,A+
dish_1566931217,A+
dish_1560455263,A
dish_1558718088,B+
dish_1558725353,B
dish_1564690138,A
dish_1559934477,A+
dish_1562945803,B+
dish_1561749392,A
dish_1563897837,C
dish_1561752509,A+
dish_1565207865,B+
dish_1567542813,A
dish_1559581356,A
dish_1568315001,A+
dish_1561576794,A
dish_1560369080,D
dish_1561062171,A+
dish_1563564828,A+
dish_1561576916,B
dish_1559244546,B
dish_1557863104,F
dish_1561666761,A
dish_1562614952,A
dish_1563568319,A+
dish_1563218959,A
dish_1565810969,A
dish_1559841781,C
dish_1563391959,A
dish_1562698239,A+
dish_1562947020,A
dish_1567024224,A
dish_1562777566,C
dish_1562691705,A
dish_1563466280,A
dish_1566931482,B
dish_1562096633,A+
dish_1558115825,C
dish_1564687013,A
dish_1565984245,B+
dish_1562172561,B
dish_1565711358,A
dish_1558114145,C
dish_1562605411,A+
dish_1558030910,A
dish_1564675193,A
dish_1562959570,A+
dish_1566414291,C
dish_1560889061,A
dish_1565884833,A
dish_1562181285,A
dish_1566938088,A+
dish_1561493975,A
dish_1561147997,A
dish_1566499564,F
dish_1565894858,C
dish_1562704665,A+
dish_1565036890,A+
dish_1560369294,A
dish_1566587714,A
dish_1558029324,A
dish_1563216625,B
dish_1563568263,A
dish_1560441529,C
dish_1565640528,B+
dish_1565034605,D
dish_1561405912,A
dish_1563897981,A
dish_1567107839,A+
dish_1566849895,F
dish_1559850283,A
dish_1561580628,A
dish_1562702892,A
dish_1558721931,B
dish_1564086658,B+
dish_1561404924,A+
dish_1566934057,A+
dish_1562947469,B+
dish_1563555510,A
dish_1563476323,A+
dish_1563477701,B
dish_1568316085,A
dish_1558640373,C
dish_1559751552,C
dish_1560443565,C
dish_1566419577,A
dish_1566501293,F
dish_1558547008,C
dish_1562099076,B+
dish_1564170967,A
dish_1558030971,C
dish_1558640979,C
dish_1558719401,B+
dish_1563295044,B+
dish_1565797723,A
dish_1561575908,A
dish_1563909550,B+
dish_1558114209,C
dish_1563208439,A+
dish_1560453356,A
dish_1558723475,C
dish_1563826272,A+
dish_1563305689,A
dish_1564691450,A+
dish_1559668238,F
dish_1563305982,A+
dish_1565021599,B
dish_1561577146,A+
dish_1558635523,C
dish_1562086595,A+
dish_1568319769,B+
dish_1563391413,A
dish_1562010440,A+
dish_1562690950,B+
dish_1565987298,A+
dish_1558461792,B+
dish_1558377105,A
dish_1568061097,A
dish_1564514906,A
dish_1558373352,C
dish_1561740411,A+
dish_1558114523,A
dish_1560799558,A
dish_1562700568,A+
dish_1558722434,C
dish_1558639949,C
dish_1562787848,A+
dish_1564686966,A
dish_1568314907,A
dish_1563294547,C
dish_1561578226,B+
dish_1565724050,D
dish_1565035774,C
dish_1561576680,B
dish_1558463562,A
dish_1563295334,A
dish_1566329234,A
dish_1562691737,B
dish_1558458496,C
dish_1568664931,B
